relay,participation_mode,availability,relay_type,languages,countries,regions,topics,contact_fediverse,contact_email,contact_url,participation_url,source_url
activityrelay.beep.computer,restricted,,,FR,FR,France,,@lioverse@toot.beep.computer,,,,
bigrelay.social,,,,DE,DE,,,,,,,
de.relay.pfalz.social,restricted,,,DE,DE,,,@c6h12o6@pfalz.social,,,,
en.relay.friendi.ca,closed,,,,,,,,,,,
masmis-search.ja-jp.org,,,,,,,,,,,,
mastodon-relay.moew.science,,,,,,,,,,,,
mastodon-relay.thedoodleproject.net,,,,,,,,,,,,
meow.casually.cat,,,,,,,,,,,,
mofu-relay.my-sky.blue,,,,,,,,,,,,
neighbours.aus.social,,,,,,,,,,,,
netsune-ap-relay.mq1.dev,,,,,,,,,,,,
oceania.federate.cloud,,,,,,,,,,,,
open.relay.pfalz.social,,,,,,,,,,,,
Pourparlers.social,,,,,,,,,,,,
rel.re,,,,,,,,,,,,
relay.101010.pl,,,,,,,,,,,,
relay.activitypub.ca,,,,,,,,,,,,
relay.an.exchange,,,,,,,,,,,,
relay.argentwolf.org,,,,,,,,,,,,
relay.asonix.dog,,,,,,,,,,,,
relay.beckmeyer.us,,,,,,,,,,,,
relay.breakblocks.social,,,,,,,,,,,,
relay.c.im,,,,,,,,,,,,
relay.chocoflan.net,,,,,,,,,,,,
relay.darmstadt.social,,,,,,,,,,,,
relay.dico.gg,,,,,,,,,,,,
relay.dresden.network,,,,,,,,,,,,
relay.eggy.app,,,,,,,,,,,,
relay.fauxzen.com,,,,,,,,,,,,
relay.fedi.agency,,,,,,,,,,,,
relay.fedibird.com,,,,,,,,,,,,
relay.fedihost.io,,,,,,,,,,,,
relay.fedinet.social,,,,,,,,,,,,
relay.flm9.me,,,,,,,,,,,,
relay.froth.zone,,,,,,,,,,,,
relay.gay,,,,,,,,,,,,
relay.gruenehoelle.nl,,,,,,,,,,,,
relay.ie9.org,,,,,,,,,,,,
relay.indieauthors.social,,,,,,,,,,,,
relay.indulgent.art,,,,,,,,,,,,
relay.infosec.exchange,,,,,,,,,,,,
relay.intahnet.co.uk,,,,,,,,,,,,
relay.libori.social,,,,,,,,,,,,
relay.libranet.de,,,,,,,,,,,,
relay.masto.social,,,,,,,,,,,,
relay.mastodon.au,,,,,,,,,,,,
relay.mastodon.kr,,,,,,,,,,,,
relay.mastodon.nu,,,,,,,,,,,,
relay.minecloud.ro,,,,,,,,,,,,
relay.misskey.gg,,,,,,,,,,,,
relay.mycrowd.ca,open,,,,,,,@kinetix@humanwords.party,,,,
relay.national-defence.network,,,,,,,,,,,,
relay.neovibe.app,,,,,,,,,,,,
relay.pissdichal.de,,,,,,,,,,,,
relay.pourparlers.social,,,,,,,,,,,,
relay.profiles.lol,,,,,,,,,,,,
relay.publicsquare.global,,,,,,,,,,,,
relay.sigmundvoid.net,,,,,,,,,,,,
relay.tirefireind.us,,,,,,,,,,,,
relay.tools.c30.life,,,,,,,,,,,,
relay.toot.io,,,,,,,,,,,,
relay.toot.yukimochi.jp,,,,,,,,,,,,
relay.travnewmatic.com,,,,,,,,,,,,
relay.uggs.io,,,,,,,,,,,,
relay.universeodon.com,,,,,,,,,,,,
relay.wig.gl,,,,,,,,,,,,
relay.witter.cz,,,,,,,,,,,,
streamb0x.de,,,,,,,,,,,,
tasty-relay.my-sky.blue,,,,,,,,,,,,
